picklist_id,zone,picker_id,start_time,end_time,duration_mins,items_count,units_count,weight_kg,num_orders,num_stores,picklist_type,is_fragile,cutoff_time_mins,on_time
PL_2025-12-08_00001,combo_9,0,21:00,01:42,282.75,570,1995,194.09,31,1,multi_order,False,150.0,False
PL_2025-12-08_00002,combo_9,1,21:00,01:23,263.17,631,1730,199.07,31,1,multi_order,False,150.0,False
PL_2025-12-08_00003,combo_9,2,21:00,00:27,207.42,507,1409,198.38,31,1,multi_order,False,150.0,False
PL_2025-12-08_00004,combo_9,3,21:00,00:43,223.0,441,1530,199.23,31,1,multi_order,False,150.0,False
PL_2025-12-08_00005,combo_9,4,21:00,00:53,233.75,472,1473,198.75,31,1,multi_order,False,150.0,False
PL_2025-12-08_00006,combo_9,5,21:00,01:14,254.83,441,1714,199.66,31,1,multi_order,False,150.0,False
PL_2025-12-08_00007,combo_9,6,21:00,01:01,241.17,493,1448,198.8,31,1,multi_order,False,150.0,False
PL_2025-12-08_00008,combo_9,7,21:00,00:20,200.25,476,1449,199.86,31,1,multi_order,False,150.0,False
PL_2025-12-08_00009,combo_9,8,21:00,01:36,276.83,521,1858,198.81,31,1,multi_order,False,150.0,False
PL_2025-12-08_00010,combo_9,9,21:00,02:45,345.08,627,1807,199.86,62,2,multi_order,False,150.0,False
PL_2025-12-08_00011,combo_9,10,21:00,02:04,304.58,541,1405,199.12,31,1,multi_order,False,150.0,False
PL_2025-12-08_00012,combo_9,11,21:00,01:51,291.0,522,1284,199.1,31,1,multi_order,False,150.0,False
PL_2025-12-08_00013,combo_9,12,21:00,02:40,340.67,599,1466,199.32,58,2,multi_order,False,150.0,False
PL_2025-12-08_00014,combo_9,13,21:00,02:45,345.17,614,1478,198.84,31,1,multi_order,False,150.0,False
PL_2025-12-08_00015,combo_9,14,21:00,02:31,331.92,598,1337,199.33,36,2,multi_order,False,150.0,False
PL_2025-12-08_00016,combo_9,15,21:00,02:13,313.92,613,1679,199.06,30,1,multi_order,False,150.0,False
PL_2025-12-08_00017,combo_9,16,21:00,01:09,249.08,459,1291,198.35,30,1,multi_order,False,150.0,False
PL_2025-12-08_00018,combo_9,17,21:00,02:18,318.92,554,1565,198.56,30,1,multi_order,False,150.0,False
PL_2025-12-08_00019,combo_9,18,21:00,02:00,300.17,545,1622,199.87,30,1,multi_order,False,150.0,False
PL_2025-12-08_00020,combo_9,19,21:00,01:23,263.33,473,1732,199.98,57,2,multi_order,False,150.0,False
PL_2025-12-08_00021,combo_9,20,21:00,01:21,261.33,569,1990,199.96,32,1,multi_order,False,150.0,False
PL_2025-12-08_00022,combo_9,21,21:00,00:50,230.83,505,1636,195.61,33,1,multi_order,False,150.0,False
PL_2025-12-08_00023,combo_9,22,21:00,00:05,185.25,421,1455,199.86,32,1,multi_order,False,150.0,False
PL_2025-12-08_00024,combo_9,23,21:00,00:21,201.58,437,1459,199.65,33,1,multi_order,False,150.0,False
PL_2025-12-08_00025,combo_9,24,21:00,00:31,211.08,343,1621,199.87,33,1,multi_order,False,150.0,False
PL_2025-12-08_00026,combo_9,25,21:00,00:48,228.75,444,1635,198.75,34,1,multi_order,False,150.0,False
PL_2025-12-08_00027,combo_9,26,21:00,00:14,194.0,358,1380,199.95,32,1,multi_order,False,150.0,False
PL_2025-12-08_00028,combo_9,27,21:00,01:10,250.42,392,1889,199.77,34,1,multi_order,False,150.0,False
PL_2025-12-08_00029,combo_9,28,21:00,00:54,234.5,466,1608,199.57,33,1,multi_order,False,150.0,False
PL_2025-12-08_00030,combo_9,29,21:00,00:37,217.75,484,1545,199.51,34,1,multi_order,False,150.0,False
PL_2025-12-08_00031,combo_9,30,21:00,00:50,230.42,515,1607,199.08,33,1,multi_order,False,150.0,False
PL_2025-12-08_00032,combo_9,31,21:00,01:19,259.08,509,1873,199.25,33,1,multi_order,False,150.0,False
PL_2025-12-08_00033,combo_9,32,21:00,01:50,290.58,528,1999,191.83,62,2,multi_order,False,150.0,False
PL_2025-12-08_00034,combo_9,33,21:00,01:53,293.42,653,1709,199.8,31,1,multi_order,False,150.0,False
PL_2025-12-08_00035,combo_9,34,21:00,01:01,241.0,526,1458,199.58,31,1,multi_order,False,150.0,False
PL_2025-12-08_00036,combo_9,35,21:00,01:23,263.42,551,1505,199.57,31,1,multi_order,False,150.0,False
PL_2025-12-08_00037,combo_9,36,21:00,01:29,269.67,439,1730,199.73,31,1,multi_order,False,150.0,False
PL_2025-12-08_00038,combo_9,37,21:00,01:24,264.5,541,1536,199.87,31,1,multi_order,False,150.0,False
PL_2025-12-08_00039,combo_9,38,21:00,02:05,305.33,647,1768,198.73,31,1,multi_order,False,150.0,False
PL_2025-12-08_00040,combo_9,39,21:00,02:39,339.58,678,1525,199.11,61,2,multi_order,False,150.0,False
PL_2025-12-08_00041,combo_9,40,21:00,02:30,330.0,645,1452,199.89,31,1,multi_order,False,150.0,False
PL_2025-12-08_00042,combo_9,41,21:00,02:30,330.58,668,1399,194.47,31,1,multi_order,False,150.0,False
PL_2025-12-08_00043,combo_9,42,21:00,03:08,368.0,553,1536,199.22,62,2,multi_order,False,150.0,False
PL_2025-12-08_00044,combo_9,43,21:00,02:51,351.25,529,1395,199.92,51,2,multi_order,False,150.0,False
PL_2025-12-08_00045,combo_9,44,21:00,02:14,314.33,527,1462,199.79,29,1,multi_order,False,150.0,False
PL_2025-12-08_00046,combo_9,45,21:00,02:04,304.17,453,1514,199.86,28,1,multi_order,False,150.0,False
PL_2025-12-08_00047,combo_9,46,21:00,03:06,366.25,575,1623,199.65,57,2,multi_order,False,150.0,False
PL_2025-12-08_00048,combo_9,47,21:00,02:17,317.08,483,1363,197.37,29,1,multi_order,False,150.0,False
PL_2025-12-08_00049,combo_9,48,21:00,02:42,342.33,498,1522,199.79,60,2,multi_order,False,150.0,False
PL_2025-12-08_00050,combo_9,49,21:00,02:00,300.58,427,1447,199.89,31,1,multi_order,False,150.0,False
PL_2025-12-08_00051,combo_9,50,21:00,02:11,311.25,462,1431,199.56,57,2,multi_order,False,150.0,False
PL_2025-12-08_00052,combo_9,51,21:00,02:55,355.67,721,1550,199.9,31,1,multi_order,False,150.0,False
PL_2025-12-08_00053,combo_9,52,21:00,02:34,334.33,626,1510,199.77,31,1,multi_order,False,150.0,False
PL_2025-12-08_00054,combo_9,53,21:00,01:40,280.83,556,1162,160.55,31,1,multi_order,False,150.0,False
PL_2025-12-08_00055,combo_11,54,21:00,00:55,235.67,667,1406,199.74,31,1,multi_order,False,150.0,False
PL_2025-12-08_00056,combo_11,55,21:00,01:47,287.92,892,1841,199.84,31,1,multi_order,False,150.0,False
PL_2025-12-08_00057,combo_11,56,21:00,01:41,281.92,897,1661,199.92,31,1,multi_order,False,150.0,False
PL_2025-12-08_00058,combo_11,57,21:00,01:50,290.75,798,1497,199.79,31,1,multi_order,False,150.0,False
PL_2025-12-08_00059,combo_11,58,21:00,03:06,366.83,765,1588,199.86,62,2,multi_order,False,150.0,False
PL_2025-12-08_00060,combo_11,59,21:00,04:59,479.17,987,1802,199.95,60,2,multi_order,False,150.0,False
PL_2025-12-08_00061,combo_11,60,21:00,03:32,392.58,920,1543,198.99,31,1,multi_order,False,150.0,False
PL_2025-12-08_00062,combo_11,61,21:00,02:53,353.5,688,1464,199.98,61,2,multi_order,False,150.0,False
PL_2025-12-08_00063,combo_11,62,21:00,03:42,402.42,889,1715,199.7,30,1,multi_order,False,150.0,False
PL_2025-12-08_00064,combo_11,63,21:00,01:41,281.17,623,1580,199.98,63,2,multi_order,False,150.0,False
PL_2025-12-08_00065,combo_11,64,21:00,00:53,233.42,653,1523,200.0,33,1,multi_order,False,150.0,False
PL_2025-12-08_00066,combo_11,65,21:00,01:44,284.58,886,1987,197.88,34,1,multi_order,False,150.0,False
PL_2025-12-08_00067,combo_11,66,21:00,01:03,243.92,776,1523,195.65,34,1,multi_order,False,150.0,False
PL_2025-12-08_00068,combo_11,67,21:00,00:56,236.75,751,1503,197.19,33,1,multi_order,False,150.0,False
PL_2025-12-08_00069,combo_11,68,21:00,02:17,317.5,860,1596,199.52,34,1,multi_order,False,150.0,False
PL_2025-12-08_00070,combo_11,69,21:00,02:17,317.5,710,1662,199.5,64,2,multi_order,False,150.0,False
PL_2025-12-08_00071,combo_11,70,21:00,02:17,317.08,896,1597,197.45,31,1,multi_order,False,150.0,False
PL_2025-12-08_00072,combo_11,71,21:00,01:20,260.5,715,1212,199.97,31,1,multi_order,False,150.0,False
PL_2025-12-08_00073,combo_11,72,21:00,04:24,444.92,1065,1727,199.99,62,2,multi_order,False,150.0,False
PL_2025-12-08_00074,combo_11,73,21:00,04:02,422.75,1104,1713,199.97,31,1,multi_order,False,150.0,False
PL_2025-12-08_00075,combo_11,74,21:00,04:27,447.58,858,1657,199.9,62,2,multi_order,False,150.0,False
PL_2025-12-08_00076,combo_11,75,21:00,04:02,422.83,810,1498,199.83,59,2,multi_order,False,150.0,False
PL_2025-12-08_00077,combo_11,76,21:00,04:14,434.08,799,1615,199.2,57,2,multi_order,False,150.0,False
PL_2025-12-08_00078,combo_11,77,21:00,03:44,404.0,753,1542,199.17,60,2,multi_order,False,150.0,False
PL_2025-12-08_00079,combo_11,78,21:00,04:11,431.08,997,1663,199.62,60,2,multi_order,False,150.0,False
PL_2025-12-08_00080,combo_11,79,21:00,02:18,318.25,628,981,124.38,31,1,multi_order,False,150.0,False
PL_2025-12-08_00081,combo_8,22,00:05,02:05,120.33,263,562,199.95,31,1,multi_order,False,150.0,False
PL_2025-12-08_00082,combo_8,26,00:14,03:12,178.92,461,863,199.09,31,1,multi_order,False,150.0,False
PL_2025-12-08_00083,combo_8,7,00:20,02:49,148.92,428,683,199.87,31,1,multi_order,False,150.0,False
PL_2025-12-08_00084,combo_8,23,00:21,01:58,97.0,198,324,195.66,30,1,multi_order,False,150.0,False
PL_2025-12-08_00085,combo_8,2,00:27,01:44,76.75,125,237,199.54,31,1,multi_order,False,150.0,False
PL_2025-12-08_00086,combo_8,24,00:31,03:19,167.92,348,623,199.35,31,1,multi_order,False,150.0,False
PL_2025-12-08_00087,combo_8,29,00:37,03:26,168.92,430,797,199.95,31,1,multi_order,False,150.0,False
PL_2025-12-08_00088,combo_8,3,00:43,03:00,137.92,289,623,199.3,31,1,multi_order,False,150.0,False
PL_2025-12-08_00089,combo_8,25,00:48,03:30,161.25,306,597,199.78,60,2,multi_order,False,150.0,False
PL_2025-12-08_00090,combo_8,30,00:50,04:04,193.75,412,675,190.23,31,1,multi_order,False,150.0,False
PL_2025-12-08_00091,combo_8,21,00:50,02:26,95.25,146,261,196.35,30,1,multi_order,False,150.0,False
PL_2025-12-08_00092,combo_8,64,00:53,04:16,202.83,388,616,198.42,31,1,multi_order,False,150.0,False
PL_2025-12-08_00093,combo_8,4,00:53,04:52,238.5,435,804,190.52,50,2,multi_order,False,150.0,False
PL_2025-12-08_00094,combo_8,28,00:54,03:46,172.08,299,553,199.74,31,1,multi_order,False,150.0,False
PL_2025-12-08_00095,combo_8,54,00:55,04:10,194.42,321,755,198.98,51,2,multi_order,False,150.0,False
PL_2025-12-08_00096,combo_8,67,00:56,03:34,157.83,311,556,197.78,30,1,multi_order,False,150.0,False
PL_2025-12-08_00097,combo_8,34,01:01,03:53,172.25,293,573,198.77,30,1,multi_order,False,150.0,False
PL_2025-12-08_00098,combo_8,6,01:01,04:13,192.58,346,823,199.46,61,2,multi_order,False,150.0,False
PL_2025-12-08_00099,combo_8,66,01:03,03:15,131.75,340,645,199.16,33,1,multi_order,False,150.0,False
PL_2025-12-08_00100,combo_8,16,01:09,03:30,141.17,371,740,199.22,33,1,multi_order,False,150.0,False
PL_2025-12-08_00101,combo_8,27,01:10,03:46,156.5,478,798,199.77,33,1,multi_order,False,150.0,False
PL_2025-12-08_00102,combo_8,5,01:14,03:01,106.25,261,459,199.35,32,1,multi_order,False,150.0,False
PL_2025-12-08_00103,combo_8,31,01:19,02:45,86.5,168,288,191.02,29,1,multi_order,False,150.0,False
PL_2025-12-08_00104,combo_8,71,01:20,02:29,68.67,125,236,181.86,31,1,multi_order,False,150.0,False
PL_2025-12-08_00105,combo_8,20,01:21,03:34,133.17,249,536,199.17,32,1,multi_order,False,150.0,False
PL_2025-12-08_00106,combo_8,1,01:23,03:57,154.33,381,724,181.16,31,1,multi_order,False,150.0,False
PL_2025-12-08_00107,combo_8,19,01:23,03:22,119.08,310,583,199.43,31,1,multi_order,False,150.0,False
PL_2025-12-08_00108,combo_8,35,01:23,03:41,137.67,288,662,199.5,33,1,multi_order,False,150.0,False
PL_2025-12-08_00109,combo_8,37,01:24,03:35,130.83,300,700,198.52,34,1,multi_order,False,150.0,False
PL_2025-12-08_00110,combo_8,36,01:29,04:58,208.75,474,777,198.84,33,2,multi_order,False,150.0,False
PL_2025-12-08_00111,combo_8,8,01:36,03:47,130.33,306,454,199.99,31,1,multi_order,False,150.0,False
PL_2025-12-08_00112,combo_8,53,01:40,03:34,113.5,209,336,199.49,30,1,multi_order,False,150.0,False
PL_2025-12-08_00113,combo_8,63,01:41,05:15,214.67,463,788,199.54,31,1,multi_order,False,150.0,False
PL_2025-12-08_00114,combo_8,56,01:41,04:33,172.0,324,576,199.91,60,2,multi_order,False,150.0,False
PL_2025-12-08_00115,combo_8,65,01:44,05:25,220.58,546,817,199.95,31,1,multi_order,False,150.0,False
PL_2025-12-08_00116,combo_8,0,01:42,03:40,117.5,219,324,199.7,31,1,multi_order,False,150.0,False
PL_2025-12-08_00117,combo_8,2,01:44,04:12,148.33,308,424,199.75,31,1,multi_order,False,150.0,False
PL_2025-12-08_00118,combo_8,55,01:47,05:14,206.67,400,620,199.85,57,2,multi_order,False,150.0,False
PL_2025-12-08_00119,combo_8,32,01:50,04:48,178.33,353,622,199.86,31,1,multi_order,False,150.0,False
PL_2025-12-08_00120,combo_8,57,01:50,03:41,111.08,170,343,199.98,30,1,multi_order,False,150.0,False
PL_2025-12-08_00121,combo_8,11,01:51,04:52,181.17,290,566,197.88,45,2,multi_order,False,150.0,False
PL_2025-12-08_00122,combo_8,33,01:53,04:42,169.58,295,493,198.92,29,1,multi_order,False,150.0,False
PL_2025-12-08_00123,combo_8,23,01:58,03:58,119.75,185,303,198.83,27,1,multi_order,False,150.0,False
PL_2025-12-08_00124,combo_8,49,02:00,05:17,196.42,321,611,199.76,56,2,multi_order,False,150.0,False
PL_2025-12-08_00125,combo_8,18,02:00,04:30,150.5,280,582,192.76,29,1,multi_order,False,150.0,False
PL_2025-12-08_00126,combo_8,45,02:04,04:54,170.67,289,560,198.14,29,1,multi_order,False,150.0,False
PL_2025-12-08_00127,combo_8,50,02:11,05:42,211.42,340,659,199.47,58,2,multi_order,False,150.0,False
PL_2025-12-08_00128,combo_8,10,02:04,04:37,152.5,289,564,199.81,31,1,multi_order,False,150.0,False
PL_2025-12-08_00129,combo_8,38,02:05,04:57,171.92,300,569,199.88,31,1,multi_order,False,150.0,False
PL_2025-12-08_00130,combo_8,47,02:17,05:31,194.25,423,627,199.54,52,2,multi_order,False,150.0,False
PL_2025-12-08_00131,combo_8,22,02:05,04:47,161.58,376,511,199.81,31,1,multi_order,False,150.0,False
PL_2025-12-08_00132,combo_8,70,02:17,05:14,177.42,353,521,199.44,31,1,multi_order,False,150.0,False
PL_2025-12-08_00133,combo_8,15,02:13,04:14,120.42,221,359,138.53,31,1,multi_order,False,150.0,False
PL_2025-12-08_00134,CICO_G2,68,02:17,05:42,205.42,58,1991,143.25,28,1,multi_order,False,150.0,False
PL_2025-12-08_00135,CICO_G2,69,02:17,05:44,207.0,65,1962,135.09,26,1,multi_order,False,150.0,False
PL_2025-12-08_00136,CICO_G2,79,02:18,05:38,200.17,55,1958,153.16,23,1,multi_order,False,150.0,False
PL_2025-12-08_00137,CICO_G2,71,02:29,05:45,196.67,50,1952,119.45,20,1,multi_order,False,150.0,False
PL_2025-12-08_00138,CICO_G2,52,02:34,05:59,204.92,96,1751,197.65,31,1,multi_order,False,150.0,False
PL_2025-12-08_00139,CICO_G2,48,02:42,06:26,224.25,81,1989,148.95,33,2,multi_order,False,150.0,False
PL_2025-12-08_00140,CICO_G2,61,02:53,06:39,226.08,85,1999,138.81,35,2,multi_order,False,150.0,False
PL_2025-12-08_00141,CICO_G2,51,02:55,06:32,216.75,82,1923,145.36,30,2,multi_order,False,150.0,False
PL_2025-12-08_00142,CICO_G2,46,03:06,06:28,202.25,59,1869,162.48,31,2,multi_order,False,150.0,False
PL_2025-12-08_00143,CICO_G2,58,03:06,06:22,196.08,52,1969,132.41,22,1,multi_order,False,150.0,False
PL_2025-12-08_00144,CICO_G2,66,03:15,06:39,203.67,62,1988,145.29,22,1,multi_order,False,150.0,False
PL_2025-12-08_00146,CICO_G2,60,03:32,06:51,198.83,55,1906,135.29,22,1,multi_order,False,150.0,False
PL_2025-12-08_00147,CICO_G2,53,03:34,06:47,193.25,43,1959,116.16,20,1,multi_order,False,150.0,False
PL_2025-12-08_00159,CICO_G2,44,02:14,03:23,68.75,25,561,81.17,13,1,multi_order,False,150.0,False
PL_2025-12-08_00160,DL+CL,17,02:18,03:17,58.83,80,214,194.11,28,1,multi_order,False,150.0,False
PL_2025-12-08_00161,DL+CL,21,02:26,03:38,71.92,105,281,197.13,29,1,multi_order,False,150.0,False
PL_2025-12-08_00162,DL+CL,40,02:30,03:59,89.92,153,353,195.6,31,1,multi_order,False,150.0,False
PL_2025-12-08_00163,DL+CL,41,02:30,03:57,86.83,115,250,194.12,45,3,multi_order,False,150.0,False
PL_2025-12-08_00164,DL+CL,14,02:31,04:01,90.08,108,271,184.36,41,2,multi_order,False,150.0,False
PL_2025-12-08_00165,DL+CL,39,02:39,03:48,68.75,86,285,198.56,25,1,multi_order,False,150.0,False
PL_2025-12-08_00166,DL+CL,12,02:40,04:13,93.08,123,313,199.54,43,2,multi_order,False,150.0,False
PL_2025-12-08_00167,DL+CL,9,02:45,03:47,62.5,86,282,199.55,28,1,multi_order,False,150.0,False
PL_2025-12-08_00168,DL+CL,13,02:45,04:00,75.08,98,325,199.1,30,1,multi_order,False,150.0,False
PL_2025-12-08_00169,DL+CL,31,02:45,03:40,55.33,81,268,191.79,27,1,multi_order,False,150.0,False
PL_2025-12-08_00170,DL+CL,7,02:49,04:05,76.83,132,340,197.28,30,1,multi_order,False,150.0,False
PL_2025-12-08_00171,DL+CL,43,02:51,03:55,63.75,81,237,198.84,29,1,multi_order,False,150.0,False
PL_2025-12-08_00172,DL+CL,3,03:00,04:19,78.42,110,269,196.44,37,2,multi_order,False,150.0,False
PL_2025-12-08_00173,DL+CL,5,03:01,04:28,87.0,143,318,191.12,30,1,multi_order,False,150.0,False
PL_2025-12-08_00174,DL+CL,42,03:08,04:50,102.92,132,269,199.58,50,2,multi_order,False,150.0,False
PL_2025-12-08_00175,DL+CL,26,03:12,04:55,103.0,120,294,199.38,60,3,multi_order,False,150.0,False
PL_2025-12-08_00176,DL+CL,17,03:17,04:51,93.83,115,256,138.25,57,3,multi_order,False,150.0,False
PL_2025-12-08_00177,DL+CL,24,03:19,04:42,83.83,125,220,147.61,30,1,multi_order,False,150.0,False
PL_2025-12-08_00178,STAPLES,19,03:22,04:21,59.33,61,328,197.95,26,1,multi_order,False,150.0,False
PL_2025-12-08_00179,STAPLES,44,03:23,04:45,81.92,116,425,188.32,30,1,multi_order,False,150.0,False
PL_2025-12-08_00180,STAPLES,29,03:26,04:32,65.75,83,339,199.37,26,1,multi_order,False,150.0,False
PL_2025-12-08_00181,STAPLES,25,03:30,04:54,84.42,117,455,199.02,29,1,multi_order,False,150.0,False
PL_2025-12-08_00182,STAPLES,16,03:30,04:33,62.75,71,309,178.92,27,1,multi_order,False,150.0,False
PL_2025-12-08_00183,STAPLES,20,03:34,04:40,66.33,86,352,198.88,28,1,multi_order,False,150.0,False
PL_2025-12-08_00184,STAPLES,67,03:34,05:09,94.67,125,464,199.78,31,1,multi_order,False,150.0,False
PL_2025-12-08_00185,STAPLES,57,03:41,05:30,108.42,178,683,198.45,31,1,multi_order,False,150.0,False
PL_2025-12-08_00186,STAPLES,37,03:35,04:55,80.5,117,378,197.51,28,1,multi_order,False,150.0,False
PL_2025-12-08_00187,STAPLES,62,03:42,05:05,83.42,119,407,186.25,30,1,multi_order,False,150.0,False
PL_2025-12-08_00188,STAPLES,77,03:44,05:06,82.17,105,446,199.92,29,1,multi_order,False,150.0,False
PL_2025-12-08_00189,STAPLES,73,04:02,05:28,85.67,102,482,198.43,29,1,multi_order,False,150.0,False
PL_2025-12-08_00190,STAPLES,21,03:38,04:56,78.17,90,332,199.1,35,2,multi_order,False,150.0,False
PL_2025-12-08_00191,STAPLES,75,04:02,05:39,97.0,136,342,194.05,30,1,multi_order,False,150.0,False
PL_2025-12-08_00192,STAPLES,54,04:10,05:53,103.42,134,479,199.53,25,1,multi_order,False,150.0,False
PL_2025-12-08_00193,STAPLES,78,04:11,05:52,101.83,137,376,199.69,29,1,multi_order,False,150.0,False
PL_2025-12-08_00194,STAPLES,76,04:14,05:53,99.42,142,389,199.88,29,1,multi_order,False,150.0,False
PL_2025-12-08_00195,STAPLES,64,04:16,06:01,105.58,157,451,198.68,30,1,multi_order,False,150.0,False
PL_2025-12-08_00196,STAPLES,72,04:24,06:30,125.58,197,475,194.13,30,1,multi_order,False,150.0,False
PL_2025-12-08_00197,STAPLES,0,03:40,04:53,73.33,64,334,191.17,34,2,multi_order,False,150.0,False
PL_2025-12-08_00198,STAPLES,31,03:40,04:58,78.0,99,390,197.21,29,1,multi_order,False,150.0,False
PL_2025-12-08_00199,STAPLES,35,03:41,04:58,77.83,90,406,197.72,28,1,multi_order,False,150.0,False
PL_2025-12-08_00200,STAPLES,74,04:27,05:52,84.67,78,464,199.75,25,1,multi_order,False,150.0,False
PL_2025-12-08_00201,STAPLES,56,04:33,06:26,112.08,164,613,199.9,27,1,multi_order,False,150.0,False
PL_2025-12-08_00202,STAPLES,45,04:54,06:31,96.33,134,436,198.92,29,1,multi_order,False,150.0,False
PL_2025-12-08_00203,STAPLES,59,04:59,06:23,84.58,112,397,196.98,25,1,multi_order,False,150.0,False
PL_2025-12-08_00204,STAPLES,62,05:05,06:21,75.25,80,387,199.87,24,1,multi_order,False,150.0,False
PL_2025-12-08_00205,STAPLES,28,03:46,04:56,69.42,65,389,195.6,31,2,multi_order,False,150.0,False
PL_2025-12-08_00206,STAPLES,27,03:46,04:41,55.0,66,318,199.69,21,1,multi_order,False,150.0,False
PL_2025-12-08_00207,STAPLES,77,05:06,06:25,79.67,103,464,199.9,30,1,multi_order,False,150.0,False
PL_2025-12-08_00208,STAPLES,8,03:47,04:53,66.67,85,356,198.58,28,1,multi_order,False,150.0,False
PL_2025-12-08_00209,STAPLES,9,03:47,04:56,68.83,104,388,199.22,26,1,multi_order,False,150.0,False
PL_2025-12-08_00210,STAPLES,67,05:09,06:29,79.83,114,424,199.45,32,1,multi_order,False,150.0,False
PL_2025-12-08_00211,STAPLES,39,03:48,04:51,63.58,79,301,198.02,29,1,multi_order,False,150.0,False
PL_2025-12-08_00212,STAPLES,70,05:14,06:34,79.83,120,436,196.81,27,1,multi_order,False,150.0,False
PL_2025-12-08_00213,STAPLES,55,05:14,06:22,67.5,75,408,199.87,24,1,multi_order,False,150.0,False
PL_2025-12-08_00215,STAPLES,63,05:15,06:54,98.5,150,594,199.21,30,1,multi_order,False,150.0,False
PL_2025-12-08_00216,STAPLES,34,03:53,04:57,64.58,85,301,199.9,27,1,multi_order,False,150.0,False
PL_2025-12-08_00217,STAPLES,49,05:17,06:40,83.83,109,490,198.85,28,1,multi_order,False,150.0,False
PL_2025-12-08_00218,STAPLES,65,05:25,06:43,78.5,100,366,199.72,29,1,multi_order,False,150.0,False
PL_2025-12-08_00219,STAPLES,73,05:28,06:42,74.08,113,379,173.59,30,1,multi_order,False,150.0,False
PL_2025-12-08_00220,STAPLES,43,03:55,04:50,55.67,58,326,199.65,24,1,multi_order,False,150.0,False
PL_2025-12-08_00221,STAPLES,57,05:30,06:54,84.42,93,503,199.85,29,1,multi_order,False,150.0,False
PL_2025-12-08_00222,STAPLES,47,05:31,06:49,78.42,86,401,194.54,40,2,multi_order,False,150.0,False
PL_2025-12-08_00224,STAPLES,79,05:38,06:53,75.42,87,383,199.77,29,1,multi_order,False,150.0,False
PL_2025-12-08_00225,STAPLES,75,05:39,06:48,68.83,95,298,199.44,29,1,multi_order,False,150.0,False
PL_2025-12-08_00230,STAPLES,41,03:57,04:57,59.67,65,284,145.89,25,1,multi_order,False,150.0,False
PL_2025-12-08_00231,STAPLES,1,03:57,04:50,53.25,38,267,197.9,29,2,multi_order,False,150.0,False
PL_2025-12-08_00247,CICO_FD,23,03:58,04:56,58.5,120,258,49.77,30,1,fragile,True,150.0,False
PL_2025-12-08_00248,CICO_FD,50,05:42,06:43,61.0,112,294,49.99,28,1,fragile,True,150.0,False
PL_2025-12-08_00249,CICO_FD,68,05:42,06:46,64.0,112,288,49.76,29,1,fragile,True,150.0,False
PL_2025-12-08_00250,CICO_FD,40,03:59,04:57,58.08,97,319,47.03,28,1,fragile,True,150.0,False
PL_2025-12-08_00251,CICO_FD,13,04:00,04:55,55.08,116,247,49.21,29,1,fragile,True,150.0,False
PL_2025-12-08_00252,CICO_FD,14,04:01,04:55,53.58,93,217,49.91,29,1,fragile,True,150.0,False
PL_2025-12-08_00253,CICO_FD,69,05:44,06:52,68.25,113,261,49.96,34,2,fragile,True,150.0,False
PL_2025-12-08_00256,CICO_FD,30,04:04,04:56,52.83,75,172,43.61,28,1,fragile,True,150.0,False
PL_2025-12-08_00257,CICO_FD,71,05:45,06:56,71.17,101,272,42.15,31,1,fragile,True,150.0,False
PL_2025-12-08_00260,CICO_FD,74,05:52,06:48,56.67,95,212,49.38,27,1,fragile,True,150.0,False
PL_2025-12-08_00262,CICO_FD,7,04:05,04:46,40.92,74,161,49.46,29,1,fragile,True,150.0,False
PL_2025-12-08_00263,CICO_FD,2,04:12,04:58,45.58,82,205,49.2,28,1,fragile,True,150.0,False
PL_2025-12-08_00264,CICO_FD,78,05:52,06:44,51.75,109,243,48.5,30,1,fragile,True,150.0,False
PL_2025-12-08_00265,CICO_FD,54,05:53,06:48,54.75,83,303,49.54,26,1,fragile,True,150.0,False
PL_2025-12-08_00266,CICO_FD,76,05:53,06:43,50.08,49,307,49.68,24,1,fragile,True,150.0,False
PL_2025-12-08_00268,CICO_FD,12,04:13,04:58,45.08,94,217,49.64,27,1,fragile,True,150.0,False
PL_2025-12-08_00269,CICO_FD,52,05:59,06:49,50.67,98,254,49.98,28,1,fragile,True,150.0,False
PL_2025-12-08_00270,CICO_FD,64,06:01,06:52,50.5,84,234,45.88,26,1,fragile,True,150.0,False
PL_2025-12-08_00288,CICO_FD,6,04:13,04:47,33.58,48,79,15.6,22,1,fragile,True,150.0,False
PL_2025-12-08_00352,SPICES&DAL,15,04:14,04:43,28.83,36,76,20.16,18,1,multi_order,False,150.0,False
PL_2025-12-08_00385,FMCG_FOOD1,3,04:19,04:55,36.0,57,78,18.16,27,1,multi_order,False,150.0,False
PL_2025-12-08_00483,H_STAPLES,19,04:21,04:39,17.42,9,107,155.0,6,1,multi_order,False,150.0,False
PL_2025-12-08_00484,H_STAPLES,5,04:28,04:46,18.25,14,63,195.0,13,1,multi_order,False,150.0,False
PL_2025-12-08_00485,H_STAPLES,18,04:30,04:55,24.83,14,124,200.0,12,1,multi_order,False,150.0,False
PL_2025-12-08_00486,H_STAPLES,62,06:21,06:50,29.67,21,158,189.01,14,1,multi_order,False,150.0,False
PL_2025-12-08_00487,H_STAPLES,55,06:22,06:51,29.25,29,87,198.4,17,1,multi_order,False,150.0,False
PL_2025-12-08_00488,H_STAPLES,29,04:32,04:58,26.17,14,146,194.0,13,1,multi_order,False,150.0,False
PL_2025-12-08_00489,H_STAPLES,16,04:33,04:59,26.25,30,87,197.5,17,1,multi_order,False,150.0,False
PL_2025-12-08_00490,H_STAPLES,10,04:37,04:56,19.75,13,87,199.34,9,1,multi_order,False,150.0,False
PL_2025-12-08_00491,H_STAPLES,58,06:22,06:46,23.25,23,93,193.5,16,1,multi_order,False,150.0,False
PL_2025-12-08_00492,H_STAPLES,59,06:23,06:45,21.58,24,109,175.0,12,1,multi_order,False,150.0,False
PL_2025-12-08_00493,H_STAPLES,77,06:25,06:47,22.0,18,96,167.0,12,1,multi_order,False,150.0,False
PL_2025-12-08_00494,H_STAPLES,56,06:26,06:49,23.42,22,101,197.01,14,1,multi_order,False,150.0,False
PL_2025-12-08_00495,H_STAPLES,48,06:26,06:53,27.17,29,104,184.01,17,1,multi_order,False,150.0,False
PL_2025-12-08_00496,H_STAPLES,46,06:28,06:53,25.08,26,73,196.51,19,1,multi_order,False,150.0,False
PL_2025-12-08_00497,H_STAPLES,19,04:39,04:59,20.42,18,65,174.0,13,1,multi_order,False,150.0,False
PL_2025-12-08_00498,H_STAPLES,67,06:29,06:52,23.58,16,115,186.41,14,1,multi_order,False,150.0,False
PL_2025-12-08_00499,H_STAPLES,72,06:30,06:52,21.92,21,71,176.01,13,1,multi_order,False,150.0,False
PL_2025-12-08_00500,H_STAPLES,20,04:40,05:00,19.17,19,62,176.0,14,1,multi_order,False,150.0,False
PL_2025-12-08_00501,H_STAPLES,27,04:41,04:58,16.92,11,83,187.0,6,1,multi_order,False,150.0,False
PL_2025-12-08_00502,H_STAPLES,45,06:31,06:57,25.83,24,100,184.0,20,1,multi_order,False,150.0,False
PL_2025-12-08_00503,H_STAPLES,51,06:32,06:56,24.08,22,73,198.5,17,1,multi_order,False,150.0,False
PL_2025-12-08_00504,H_STAPLES,70,06:34,06:52,18.0,10,90,195.0,9,1,multi_order,False,150.0,False
PL_2025-12-08_00521,H_STAPLES,66,06:39,06:59,20.58,19,61,178.0,13,1,multi_order,False,150.0,False
PL_2025-12-08_00536,H_STAPLES,61,06:39,06:59,20.08,9,115,162.0,8,1,multi_order,False,150.0,False
PL_2025-12-08_00552,H_STAPLES,49,06:40,06:59,18.92,11,107,191.0,7,1,multi_order,False,150.0,False
PL_2025-12-08_00554,H_STAPLES,24,04:42,04:58,15.33,14,64,198.0,8,1,multi_order,False,150.0,False
PL_2025-12-08_00556,H_STAPLES,33,04:42,04:59,16.5,10,72,156.0,8,1,multi_order,False,150.0,False
PL_2025-12-08_00558,H_STAPLES,15,04:43,04:59,16.17,12,80,192.0,8,1,multi_order,False,150.0,False
PL_2025-12-08_00574,H_STAPLES,44,04:45,04:58,13.08,13,43,186.3,9,1,multi_order,False,150.0,False
PL_2025-12-08_00575,H_STAPLES,73,06:42,06:57,15.0,8,84,166.0,6,1,multi_order,False,150.0,False
PL_2025-12-08_00577,H_STAPLES,76,06:43,06:58,14.5,12,36,198.0,9,1,multi_order,False,150.0,False
PL_2025-12-08_00581,H_STAPLES,50,06:43,06:58,14.75,14,45,181.0,11,1,multi_order,False,150.0,False
PL_2025-12-08_00582,H_STAPLES,65,06:43,06:58,15.0,10,42,171.51,10,1,multi_order,False,150.0,False
PL_2025-12-08_00626,H_STAPLES,78,06:44,06:59,14.33,11,28,188.0,10,1,multi_order,False,150.0,False
PL_2025-12-08_00629,H_STAPLES,59,06:45,06:59,13.92,12,47,192.0,8,1,multi_order,False,150.0,False
PL_2025-12-08_00974,ATTA,5,04:46,04:58,12.42,10,41,196.0,6,1,multi_order,False,150.0,False
PL_2025-12-08_00983,ATTA,7,04:46,04:54,8.0,4,30,150.0,2,1,multi_order,False,150.0,False
PL_2025-12-08_01008,ATTA,22,04:47,04:58,11.33,7,40,184.0,6,1,multi_order,False,150.0,False
PL_2025-12-08_01017,ATTA,58,06:46,06:59,13.67,10,62,175.0,7,1,multi_order,False,150.0,False
PL_2025-12-08_01028,ATTA,6,04:47,04:59,12.08,12,37,181.0,8,1,multi_order,False,150.0,False
PL_2025-12-08_01187,REB_FD_G0,68,06:46,06:59,12.25,8,15,46.0,8,1,fragile,True,150.0,False
PL_2025-12-08_01203,HVAL_APP_2,53,06:47,06:59,11.58,9,13,7.75,6,1,multi_order,False,150.0,False
PL_2025-12-08_01204,HVAL_APP_2,32,04:48,04:59,11.08,9,13,14.43,7,1,multi_order,False,150.0,False
PL_2025-12-08_01227,SAMPLE,43,04:50,04:55,5.17,2,2,16.0,2,1,multi_order,False,150.0,False
PL_2025-12-08_01228,GOLD,1,04:50,04:59,8.83,7,10,0.09,5,1,multi_order,False,150.0,False
PL_2025-12-08_01229,GOLD,42,04:50,04:55,4.75,1,3,0.0,1,1,bulk,False,150.0,False
PL_2025-12-08_01230,GOLD,77,06:47,06:57,10.0,14,30,0.24,4,1,multi_order,False,150.0,False
PL_2025-12-08_01231,GOLD,17,04:51,04:59,7.92,5,5,0.02,4,1,multi_order,False,150.0,False
PL_2025-12-08_01232,GOLD,39,04:51,04:57,6.08,6,7,0.07,2,1,multi_order,False,150.0,False
PL_2025-12-08_01233,GOLD,11,04:52,04:58,5.92,3,5,0.0,2,1,multi_order,False,150.0,False
PL_2025-12-08_01276,combo_1,4,04:52,04:57,5.17,2,2,12.0,2,1,bulk,False,150.0,False
PL_2025-12-08_01277,combo_1,54,06:48,06:54,6.67,1,26,260.0,1,1,bulk,False,150.0,False
PL_2025-12-08_01278,combo_1,0,04:53,04:58,5.33,1,10,100.0,1,1,bulk,False,150.0,False
PL_2025-12-08_01279,combo_1,75,06:48,06:57,9.08,1,55,550.0,1,1,bulk,False,150.0,False
PL_2025-12-08_01280,combo_1,74,06:48,06:56,7.42,1,35,350.0,1,1,bulk,False,150.0,False
PL_2025-12-08_01281,combo_1,56,06:49,06:55,6.5,1,24,240.0,1,1,bulk,False,150.0,False
PL_2025-12-08_01282,combo_1,47,06:49,06:56,6.33,1,22,220.0,1,1,bulk,False,150.0,False
PL_2025-12-08_01283,combo_1,52,06:49,06:57,8.0,1,42,420.0,1,1,bulk,False,150.0,False
PL_2025-12-08_01284,combo_1,8,04:53,04:59,5.92,1,17,170.0,1,1,bulk,False,150.0,False
PL_2025-12-08_01285,combo_1,62,06:50,06:57,7.08,1,31,310.0,1,1,bulk,False,150.0,False
PL_2025-12-08_01286,combo_1,25,04:54,04:59,5.5,1,12,120.0,1,1,bulk,False,150.0,False
PL_2025-12-08_01287,combo_1,55,06:51,06:58,7.42,1,35,350.0,1,1,bulk,False,150.0,False
PL_2025-12-08_01288,combo_1,60,06:51,06:58,6.92,1,29,290.0,1,1,bulk,False,150.0,False
PL_2025-12-08_01289,combo_1,64,06:52,06:58,5.83,1,16,160.0,1,1,bulk,False,150.0,False
PL_2025-12-08_01290,combo_1,70,06:52,06:58,5.92,1,17,170.0,1,1,bulk,False,150.0,False
PL_2025-12-08_01297,combo_1,72,06:52,06:58,5.92,1,17,170.0,1,1,bulk,False,150.0,False
PL_2025-12-08_01298,combo_1,67,06:52,06:59,7.0,1,30,300.0,1,1,bulk,False,150.0,False
PL_2025-12-08_01300,combo_1,69,06:52,06:58,5.83,3,4,24.0,2,1,bulk,False,150.0,False
PL_2025-12-08_01301,combo_1,7,04:54,04:59,5.08,1,7,70.0,1,1,bulk,False,150.0,False
PL_2025-12-08_01303,combo_1,46,06:53,06:59,5.75,1,15,150.0,1,1,bulk,False,150.0,False
PL_2025-12-08_01304,combo_1,48,06:53,06:59,6.0,1,18,180.0,1,1,bulk,False,150.0,False
PL_2025-12-08_01305,combo_1,79,06:53,06:58,5.08,1,7,70.0,1,1,bulk,False,150.0,False
PL_2025-12-08_01320,combo_1,63,06:54,06:59,5.5,1,12,120.0,1,1,bulk,False,150.0,False
PL_2025-12-08_01331,combo_1,3,04:55,04:59,4.58,1,1,6.0,1,1,bulk,False,150.0,False
PL_2025-12-08_01350,combo_1,13,04:55,04:59,4.67,1,2,20.0,1,1,bulk,False,150.0,False
PL_2025-12-08_01365,combo_1,57,06:54,06:59,5.17,1,8,48.0,1,1,bulk,False,150.0,False
PL_2025-12-08_01383,combo_1,54,06:54,06:59,4.58,1,1,6.0,1,1,bulk,False,150.0,False
PL_2025-12-08_05330,DL+CL,18,04:55,05:17,22.33,21,40,35.56,10,1,multi_order,False,540.0,True
PL_2025-12-08_05337,CICO_FD,14,04:55,05:53,58.08,73,205,24.88,12,1,fragile,True,540.0,True
PL_2025-12-08_05347,FMCG_FOOD2,42,04:55,05:00,4.67,1,2,0.2,1,1,bulk,False,540.0,True
PL_2025-12-08_05351,H_STAPLES,37,04:55,05:19,23.92,14,131,197.0,7,1,multi_order,False,540.0,True
PL_2025-12-08_05352,H_STAPLES,43,04:55,05:24,28.67,31,122,183.01,9,1,multi_order,False,540.0,True
PL_2025-12-08_05353,H_STAPLES,26,04:55,05:20,24.58,20,103,175.81,10,1,multi_order,False,540.0,True
PL_2025-12-08_05354,H_STAPLES,28,04:56,05:24,28.33,31,112,194.0,10,1,multi_order,False,540.0,True
PL_2025-12-08_05355,H_STAPLES,21,04:56,05:16,20.25,21,75,179.5,7,1,multi_order,False,540.0,True
PL_2025-12-08_05356,H_STAPLES,9,04:56,05:19,22.92,23,89,182.7,9,1,multi_order,False,540.0,True
PL_2025-12-08_05357,H_STAPLES,10,04:56,05:33,36.5,24,234,189.75,11,1,multi_order,False,540.0,True
PL_2025-12-08_05358,H_STAPLES,23,04:56,05:58,61.67,61,368,197.48,11,1,multi_order,False,540.0,True
PL_2025-12-08_05359,H_STAPLES,30,04:56,05:41,44.83,37,238,198.14,14,2,multi_order,False,540.0,True
PL_2025-12-08_05360,H_STAPLES,41,04:57,05:22,25.5,21,120,197.81,10,1,multi_order,False,540.0,True
PL_2025-12-08_05361,H_STAPLES,38,04:57,05:24,27.58,27,85,194.02,10,1,multi_order,False,540.0,True
PL_2025-12-08_05362,H_STAPLES,4,04:57,05:15,18.0,16,66,175.38,6,1,multi_order,False,540.0,True
PL_2025-12-08_05363,H_STAPLES,34,04:57,05:35,37.17,24,236,194.52,11,1,multi_order,False,540.0,True
PL_2025-12-08_05364,H_STAPLES,39,04:57,05:32,34.5,43,126,69.04,8,1,multi_order,False,540.0,True
PL_2025-12-08_05368,FRAGILE_FD,40,04:57,05:57,59.33,83,178,49.5,12,1,fragile,True,540.0,True
PL_2025-12-08_05371,FRAGILE_FD,2,04:58,05:28,30.17,36,56,15.14,10,1,fragile,True,540.0,True
PL_2025-12-08_05378,REB_G1_FD,11,04:58,05:28,30.58,39,49,18.01,9,1,fragile,True,540.0,True
PL_2025-12-08_05381,HVAL_APPG1,44,04:58,05:47,49.5,79,90,20.94,8,1,multi_order,False,540.0,True
PL_2025-12-08_05382,HVAL_APPG1,24,04:58,05:23,25.08,33,37,8.78,8,1,multi_order,False,540.0,True
PL_2025-12-08_05385,CD_CICO,36,04:58,06:00,61.58,43,463,199.0,12,1,multi_order,False,540.0,True
PL_2025-12-08_05388,CD_CICO,22,04:58,05:12,13.75,5,81,20.9,3,1,multi_order,False,540.0,True
PL_2025-12-08_05389,ATTA,29,04:58,05:15,16.5,16,48,177.0,8,1,multi_order,False,540.0,True
PL_2025-12-08_05390,ATTA,5,04:58,05:26,27.83,20,136,195.75,10,1,multi_order,False,540.0,True
PL_2025-12-08_05391,ATTA,12,04:58,05:24,25.25,25,105,199.0,11,1,multi_order,False,540.0,True
PL_2025-12-08_05392,ATTA,27,04:58,05:22,23.33,20,82,190.0,12,1,multi_order,False,540.0,True
PL_2025-12-08_05393,ATTA,35,04:58,05:26,28.08,30,109,196.0,12,2,multi_order,False,540.0,True
PL_2025-12-08_05394,ATTA,0,04:58,05:27,28.25,29,93,193.75,11,1,multi_order,False,540.0,True
PL_2025-12-08_05395,ATTA,31,04:58,05:08,9.5,5,18,60.0,4,1,multi_order,False,540.0,True
PL_2025-12-08_05401,HNK_LARGE,16,04:59,05:50,51.17,132,230,82.65,21,2,multi_order,False,540.0,True
PL_2025-12-08_05404,M&S_2,15,04:59,05:37,38.25,45,81,48.76,20,2,multi_order,False,540.0,True
PL_2025-12-08_05405,REB_FD_G0,6,04:59,05:22,22.83,25,46,40.39,8,1,fragile,True,540.0,True
PL_2025-12-08_05406,REB_FD_G0,17,04:59,05:18,19.42,24,35,15.32,5,2,fragile,True,540.0,True
PL_2025-12-08_05407,HVAL_APP_2,33,04:59,05:07,7.92,5,5,3.63,4,1,multi_order,False,540.0,True
PL_2025-12-08_05408,HVAL_APP_2,1,04:59,05:05,6.33,3,4,1.83,3,1,multi_order,False,540.0,True
PL_2025-12-08_05409,combo_10,19,04:59,05:24,24.5,26,54,31.03,12,2,multi_order,False,540.0,True
PL_2025-12-08_05411,SAMPLE,8,04:59,05:04,4.67,1,2,8.8,1,1,bulk,False,540.0,True
PL_2025-12-08_05412,CICO_OIL,3,04:59,05:47,47.75,32,303,193.68,12,1,multi_order,False,540.0,True
PL_2025-12-08_05413,CICO_OIL,25,04:59,05:44,44.75,29,273,146.7,16,2,multi_order,False,540.0,True
PL_2025-12-08_05414,combo_1,7,04:59,05:07,7.83,4,22,180.0,2,1,multi_order,False,540.0,True
PL_2025-12-08_05415,combo_1,13,04:59,05:05,5.92,1,17,170.0,1,1,bulk,False,540.0,True
PL_2025-12-08_05416,combo_1,32,04:59,05:06,6.5,2,18,180.0,2,1,bulk,False,540.0,True
PL_2025-12-08_07070,combo_9,56,06:55,08:03,67.92,94,233,33.55,7,1,multi_order,False,720.0,True
PL_2025-12-08_07074,combo_8,47,06:56,07:59,63.0,103,186,199.24,4,1,multi_order,False,720.0,True
PL_2025-12-08_07076,combo_8,74,06:56,07:37,40.83,56,118,39.87,5,1,multi_order,False,720.0,True
PL_2025-12-08_07078,CICO_G2,51,06:56,08:10,74.17,25,680,55.85,7,1,multi_order,False,720.0,True
PL_2025-12-08_07079,DL+CL,71,06:56,08:20,83.08,122,295,165.49,6,1,multi_order,False,720.0,True
PL_2025-12-08_07080,STAPLES,45,06:57,08:55,118.25,185,369,199.5,7,1,multi_order,False,720.0,True
PL_2025-12-08_07081,STAPLES,73,06:57,07:50,52.67,69,194,109.66,4,1,multi_order,False,720.0,True
PL_2025-12-08_07082,CICO_FD,75,06:57,07:52,54.58,92,187,49.8,5,1,fragile,True,720.0,True
PL_2025-12-08_07083,CICO_FD,62,06:57,07:50,52.67,85,158,43.13,7,1,fragile,True,720.0,True
PL_2025-12-08_07085,combo_6,77,06:57,08:46,109.0,193,300,71.31,7,1,multi_order,False,720.0,True
PL_2025-12-08_07087,SPICES&DAL,52,06:57,07:20,22.33,28,70,23.17,4,1,multi_order,False,720.0,True
PL_2025-12-08_07092,DP+DB,76,06:58,08:11,73.08,79,391,197.71,6,1,multi_order,False,720.0,True
PL_2025-12-08_07093,DP+DB,64,06:58,07:28,29.92,35,89,99.71,4,1,multi_order,False,720.0,True
PL_2025-12-08_07094,DIAPERS,70,06:58,08:19,81.5,124,276,184.41,7,1,multi_order,False,720.0,True
PL_2025-12-08_07095,DIAPERS,60,06:58,07:31,33.0,43,78,100.14,4,1,multi_order,False,720.0,True
PL_2025-12-08_07096,H_STAPLES,72,06:58,07:14,16.58,16,61,194.0,3,1,multi_order,False,720.0,True
PL_2025-12-08_07097,H_STAPLES,50,06:58,07:13,14.67,23,38,195.27,3,1,multi_order,False,720.0,True
PL_2025-12-08_07098,H_STAPLES,69,06:58,07:18,20.25,22,63,151.67,4,1,multi_order,False,720.0,True
PL_2025-12-08_07099,H_STAPLES,65,06:58,07:27,28.5,28,132,182.03,5,1,multi_order,False,720.0,True
PL_2025-12-08_07100,H_STAPLES,55,06:58,07:16,18.0,18,42,165.01,5,1,multi_order,False,720.0,True
PL_2025-12-08_07101,H_STAPLES,79,06:58,07:09,10.5,9,24,186.0,3,1,multi_order,False,720.0,True
PL_2025-12-08_07102,H_STAPLES,78,06:59,07:19,20.5,18,78,194.5,5,1,multi_order,False,720.0,True
PL_2025-12-08_07103,H_STAPLES,53,06:59,07:45,46.25,58,183,194.6,6,1,multi_order,False,720.0,True
PL_2025-12-08_07104,H_STAPLES,68,06:59,07:26,27.5,24,144,71.14,6,1,multi_order,False,720.0,True
PL_2025-12-08_07106,FRAGILE_FD,59,06:59,08:00,61.67,94,176,49.71,5,1,fragile,True,720.0,True
PL_2025-12-08_07107,FRAGILE_FD,46,06:59,07:41,42.25,46,165,49.85,5,1,fragile,True,720.0,True
PL_2025-12-08_07108,FRAGILE_FD,54,06:59,07:58,59.33,79,172,48.9,6,1,fragile,True,720.0,True
PL_2025-12-08_07109,FRAGILE_FD,61,06:59,08:02,62.83,92,178,45.89,7,1,fragile,True,720.0,True
PL_2025-12-08_07110,combo_7,67,06:59,07:33,33.67,50,56,19.58,4,1,multi_order,False,720.0,True
PL_2025-12-08_07112,CHOCOLATES,48,06:59,08:58,118.75,178,525,40.89,7,1,multi_order,False,720.0,True
PL_2025-12-08_07113,REB_G1_FD,49,06:59,07:55,55.58,87,91,34.9,5,1,fragile,True,720.0,True
PL_2025-12-08_07115,HVAL_APPG1,57,06:59,07:31,31.5,42,42,14.29,7,1,multi_order,False,720.0,True
PL_2025-12-08_07116,CD_CICO,58,06:59,08:26,87.17,65,626,124.41,7,1,multi_order,False,720.0,True
PL_2025-12-08_07117,ATTA,63,06:59,07:17,17.75,18,33,175.0,6,1,multi_order,False,720.0,True
PL_2025-12-08_07118,ATTA,66,06:59,07:18,18.08,18,61,177.0,4,1,multi_order,False,720.0,True
